<?xml version="1.0" encoding="UTF-8"?>

<!-- EJ3
En un departamento se ha decidido la siguiente estructura para ficheros de datos que se tengan que mover de unos software a otros.
La raíz debe ser el elemento <listacompras>
Dentro de <listacompras> debe haber uno o más elementos <venta>
Una venta puede llevar dentro uno de dos: <ventaacredito> o <ventainmediata>
Un elemento <ventaacredito> consta de : un elemento <fechafinpago> que es optativo y un elemento <cantidad> que es obligatorio.
Un elemento <ventainmediata> lleva dentro dos cosas: un elemento <cantidad> que es obligatorio y un elemento <divisa> que también es obligatorio. -->

<listacompras xmlns:xs="http://www.w3.org/2001/XMLSchema-instance"
xs:noNamespaceSchemaLocation="listacompras.xsd">
    <venta>
        <ventainmediata>
            <cantidadCredito>88</cantidadCredito>
            <divisa>Euro</divisa>
        </ventainmediata>
    </venta>
    <venta>
        <ventaacredito>
            <cantidadCredito>88</cantidadCredito>
            <fechafinpago>2000-05-05</fechafinpago>
        </ventaacredito>
    </venta>
    <venta>
        <ventainmediata>
            <cantidadCredito>88</cantidadCredito>
            <divisa>Euro</divisa>
        </ventainmediata>
    </venta>
</listacompras>