<?xml version="1.0" encoding="UTF-8"?>
<marcadores xmlns:xs="http://www.w3.org/2001/XMLSchema-instance"
xs:noNamespaceSchemaLocation="marcadores.xsd">
   <pagina>
      <nombre>Abrirllave</nombre>
      <descripcion>Tutoriales de informática.</descripcion>
      <url>http://www.abrirllave.com/</url>
   </pagina>
   <pagina>
      <nombre>Wikipedia</nombre>
      <descripcion>La enciclopedia libre.</descripcion>
      <url>http://www.wikipedia.org/</url>
   </pagina>
   <pagina>
      <nombre>W3C</nombre>
      <descripcion>World Wide Web Consortium.</descripcion>
      <url>http://www.w3.org/</url>
   </pagina>
</marcadores>