<?xml version="1.0" encoding="UTF-8"?>

<!-- EJ4
Un mayorista de productos de librería desea tener un formato de almacenamiento de datos para reflejar la información de su inventario.
El elemento raíz debe ser <inventario>
Dentro de inventario pueden ir elementos <lapiz>, <cuaderno> o <boligrafo> repetidos y en cualquier orden.
Todo <lapiz> puede tener un elemento <dureza>
Todo cuaderno debe llevar dos elementos: <numhojas> y <estilo>
Todo boligrafo lleva un <precio> y puede o no llevar un elemento <color> -->

<inventario xmlns:xs="http://www.w3.org/2001/XMLSchema-instance"
xs:noNamespaceSchemaLocation="libreria.xsd">
    <lapiz></lapiz>
    <lapiz></lapiz>
    <cuaderno>
        <numhojas>200</numhojas>
        <estilo>cuadros</estilo>
    </cuaderno>
    <boligrafo>
        <precio>5.66</precio>
        <color>negro</color>
    </boligrafo>
    <lapiz></lapiz>
</inventario>